geo,1950,1951,1952,1953,1954,1955,1956,1957,1958,1959,1960,1961,1962,1963,1964,1965,1966,1967,1968,1969,1970,1971,1972,1973,1974,1975,1976,1977,1978,1979,1980,1981,1982,1983,1984,1985,1986,1987,1988,1989,1990,1991,1992,1993,1994,1995,1996,1997,1998,1999,2000,2001,2002,2003,2004,2005
Afghanistan,,,,,,,,,,,,,,,,,,,,,,,,,,,,,,,,,,,,,,,,,,,,,,,,,,,,,6.87,,6.68,6.68
Albania,,,,,,,,,,,,,,,,,,,,,,,,,,,,,,,,,,,,,,,,,,,,,,,,,,,,,2.79,,7.7,7.7
Algeria,,,,,,,,,,,,,,,,,,,,,,,,,,,,,,,,,,,,,,,,,,,,,,,,,,,,,3.75,,4.85,4.85
Andorra,,,,,,,,,,,,,,,,,,,,,,,,,,,,,,,,,,,,,,,,,,,,,,,,,,,,,5.46,,5.36,5.36
Angola,,,,,,,,,,,,,,,,,,,,,,,,,,,,,,,,,,,,,,,,,,,,,,,,,,,,,11.9,,14.6,14.6
Antigua and Barbuda,,,,,,,,,,,,,,,,,,,,,,,,,,,,,,,,,,,,,,,,,,,,,,,,,,,,,0.476,,2.16,2.16
Argentina,,,,,,,,,,,,,,,,,7.92,9.91,10.7,10.5,10.3,,,,,,,7.78,7.92,6.84,7.48,8.26,7.04,6.41,6.58,6.92,7.88,7.8,7.75,7.33,6.83,6.15,6.86,6.87,6.77,6.5,6.52,6.41,6.57,6.71,7.58,8.43,8.4,8.57,8.05,7.77
Armenia,,,,,,,,,,,,,,,,,,,,,,,,,,,,,,,,,,,,,,,,,,,,,,,,,,,,,3.22,,3.74,3.74
Australia,9.11,9.41,10.5,10.8,10.7,10.3,10.8,12.3,12.5,11.3,10.8,12.2,14.2,16.4,15.1,15.4,14.6,15.7,13.2,12.8,12.8,14.2,13,12,12.1,11.4,11,11.3,11.3,11.7,10.9,11.1,11.4,10.7,10.9,11.4,12.3,12.7,12.5,11.6,12.2,12.5,12.1,10.8,12,11.3,12.4,13.5,13.3,12.4,11.7,11.8,11,10.1,9.66,8.47
Austria,,,,,,20.6,19.9,21,20.8,21.8,20.2,19.2,19.7,19.3,20,20.2,20.4,19.6,19.6,20,21.9,20.3,20.9,19.6,21.2,21.5,20.1,21.5,22.2,22.3,22.6,23.5,24.1,23.3,23.1,23.8,24.3,22.8,20.4,20.6,19.3,18.5,18.4,17.5,18.3,18.2,17.7,16.1,15.7,15.4,15.9,14.8,15.2,14.1,13.6,13.1
Azerbaijan,,,,,,,,,,,,,,,,,,,,,,,,,,,,,,,,5.77,4.78,,,4.44,4.25,4.62,3.95,3.98,2.02,2.08,2.37,1.85,0.776,0.759,1.11,1.67,0.839,0.777,0.836,,4.72,,1.38,1.38
Bahamas,,,,,,,,,,,,,,,,,,,,,,,,,,,,,,,,,,,,,,,,,,,,,,,,,,,,,3.14,,3.37,3.37
Bahrain,,,,,,,,,,,,,,,,,,,,,,,,,,,,,,,,,,,,2.36,,2.41,2.75,,,,,,,,,,,2.01,3.68,2.98,3.88,,4.42,4.42
Bangladesh,,,,,,,,,,,,,,,,,,,,,,,,,,,,,,,,,,,,,,,,,,,,,,,,,,,,,14.8,,14.5,14.5
Barbados,,,,,,,,,,,,,,,,,,,,,,,,,,,,,,,,,,,,,,,,,,,,,,,,,,,,,4,,3.11,3.11
Belarus,,,,,,,,,,,,,,,,,,,,,,,,,,,,,,,,23.7,25.5,,,22,16.8,18,17.3,20.5,19.3,19.8,22.2,26.2,28.4,29,,31.7,31.8,30.9,31.3,29.6,29.5,30.5,31.1,26.9
Belgium,,,,,11.3,11,12,12,12.1,10.8,12.1,12.2,11.2,11.7,11.7,12.7,12.1,12.6,13.1,12.6,13.8,13,13.2,12.4,13.4,13.6,14.2,16.4,17.7,18.3,19,18.8,18.6,19.6,20.2,19.4,18.7,18.9,16.9,16,15.7,14.9,15.5,17.9,17.7,17.9,16.8,17.9,16.6,15.3,,,17.6,,15.9,15.9
Belize,,,,,,,,,,,,,,,,,,,,,,,,,,,,,,,,,,,,,,,,,,,,,,,,,,,,,3.15,,9.39,9.39
Benin,,,,,,,,,,,,,,,,,,,,,,,,,,,,,,,,,,,,,,,,,,,,,,,,,,,,,6.63,,6.06,6.06
Bhutan,,,,,,,,,,,,,,,,,,,,,,,,,,,,,,,,,,,,,,,,,,,,,,,,,,,,,17.4,,15.5,15.5
Bolivia,,,,,,,,,,,,,,,,,,,,,,,,,,,,,,,,,,,,,,,,,,,,,,,,,,,,,2.21,,2.03,2.03
Bosnia and Herzegovina,,,,,,,,,,,,,,,,,,,,,,,,,,,,,,,,,,,,10.3,11.7,11.2,9.74,9.91,10.2,11.3,,,,,,,,,,,12.4,,11.8,11.8
Botswana,,,,,,,,,,,,,,,,,,,,,,,,,,,,,,,,,,,,,,,,,,,,,,,,,,,,,7.45,,11.2,11.2
Brazil,,,,,,,,,,,,,,,,,,,,,,,,,,,,,,,,,3.83,4.31,4.1,3.88,3.84,4.03,3.74,3.63,3.82,4,3.94,3.99,4.16,4.61,4.59,4.65,4.57,4.16,4.24,4.69,4.57,4.54,4.54,4.78
Brunei,,,,,,,,,,,,,,,,,,,,,,,,,,,,,,,,,,,,,,,,,,,,,,,,,,,,,1.45,,1.37,1.37
Bulgaria,,,,,,,,,,,,,,,8.5,8.84,9.53,9.77,9.3,10.7,11,11.2,10.3,10.4,11.3,11.5,12.4,12.6,11.9,12.4,11.8,11.7,13.2,11.2,14.3,13.5,13.3,13.9,13.5,13.5,12.3,12.6,14.4,14.1,13.8,13.5,14.5,13.7,14.2,12.3,13.1,12.4,12.4,10.4,9.52,9.22
Burkina Faso,,,,,,,,,,,,,,,,,,,,,,,,,,,,,,,,,,,,,,,,,,,,,,,,,,,,,8.28,,8.2,8.2
Burundi,,,,,,,,,,,,,,,,,,,,,,,,,,,,,,,,,,,,,,,,,,,,,,,,,,,,,10.8,,14.7,14.7
Cambodia,,,,,,,,,,,,,,,,,,,,,,,,,,,,,,,,,,,,,,,,,,,,,,,,,,,,,5.03,,4.96,4.96
Cameroon,,,,,,,,,,,,,,,,,,,,,,,,,,,,,,,,,,,,,,,,,,,,,,,,,,,,,6.68,,7.21,7.21
Canada,8.2,7.87,7.79,7.63,7.8,7.67,8.35,8.26,8.25,8.15,8.4,8.31,8,8.47,9.21,9.75,9.51,9.95,10.7,11.8,12.2,12.6,12.8,13.1,13.3,12.5,12.9,14.1,14.5,13.8,13.5,13.4,13.8,14.3,13,12.1,13.6,13.2,12.7,12.5,11.9,12.3,12.2,12.2,11.9,12.5,12.3,11.3,11.3,12.1,10.7,10.8,10.5,10.6,10.1,10.1
Cape Verde,,,,,,,,,,,,,,,,,,,,,,,,,,,,,,,,,,,,,,,,,,,,,,,,,,,,,3.93,,5.63,5.63
Central African Republic,,,,,,,,,,,,,,,,,,,,,,,,,,,,,,,,,,,,,,,,,,,,,,,,,,,,,13.1,,13.6,13.6
Chad,,,,,,,,,,,,,,,,,,,,,,,,,,,,,,,,,,,,,,,,,,,,,,,,,,,,,7.29,,8.28,8.28
Chile,,,,,,5.73,9.15,9.16,8.2,6.93,9.32,9.36,8.01,4.45,3.54,2.47,8.51,2.66,10.5,8.53,7.42,7.01,6.75,6.18,6.59,8.09,6.59,6.89,6.1,6.71,5.37,6.45,6.35,6.29,6.77,6.41,5.87,6.04,5.97,6.04,6.14,6.34,5.13,5.75,6.05,6.89,6.64,6.45,7.18,7.09,9.83,10.6,10.3,10.4,10.7,10.2
China,,,,,,,,,,,,,,,,,,,,,,,,,,,,,,,,,,,,,,,,,,,,,,,,,,,,,21.2,,16.9,16.9
Colombia,,,,1.14,1.94,1.59,1.26,0.871,3.03,3.56,3.65,4.86,5.71,5.71,6,7.92,7.38,8.42,5.37,3.95,,,4.65,,4.67,4.35,4.24,3.67,,,,,,,4.27,4.05,3.68,3.17,3.05,2.75,2.79,3.23,3.54,3.53,3.81,3.38,3.49,3.45,5.59,5.66,5.99,6.04,5.73,,5.36,4.91
Comoros,,,,,,,,,,,,,,,,,,,,,,,,,,,,,,,,,,,,,,,,,,,,,,,,,,,,,4.38,,4.75,4.75
"Congo, Dem. Rep.",,,,,,,,,,,,,,,,,,,,,,,,,,,,,,,,,,,,,,,,,,,,,,,,,,,,,7.35,,14.7,14.7
"Congo, Rep.",,,,,,,,,,,,,,,,,,,,,,,,,,,,,,,,,,,,,,,,,,,,,,,,,,,,,9.82,,9.87,9.87
Costa Rica,,,,,,,,,,,,,3.19,5.09,4.25,3.31,4.7,4.54,3.97,4.45,3.37,4.51,4.33,3.82,5.25,5.51,7.76,5.39,5.07,4.46,6.47,4.87,5.13,6.44,5.49,5.81,6.32,5.17,6.24,6.57,6.2,4.96,5.57,6.02,5.67,6.6,6.42,5.81,6.54,6.67,6.67,5.57,7.16,8,8.13,6.6
Cote d'Ivoire,,,,,,,,,,,,,,,,,,,,,,,,,,,,,,,,,,,,,,,,,,,,,,,,,,,,,15.3,,20.3,20.3
Croatia,,,,,,,,,,,,,,,,,,,,,,,,,,,,,,,,,,,,19.3,18.9,20.4,20.1,18.3,19.9,19.3,20.6,19.4,19.1,16.5,19.2,17.6,19.3,18.6,18,15.6,15.2,14.9,14.6,14.8
Cuba,,,,,,,,,,,,,,,12.5,,,,14,12.1,14.2,16.2,17.4,19.4,21.3,20.6,21.3,21.3,,,,,,,,,,,,,,,20.7,21.1,19.9,19.1,17.2,16.8,16.7,16.4,14.7,13,12.4,11.5,11.6,10.6
Cyprus,,,,,,,,,,,,,,,,,,,,,,,,,,,,,,,,,,,,,,,,,,,,,,,,,,0.131,1.09,,0.606,,0.614,2.21
Czech Republic,,,,,,,,,,,,,,,,,,,,,,,,,,,,,,,,,,,,,18.3,16.4,16.6,16.1,16.7,16.1,16.6,16.1,15.4,14.5,12.9,13.6,13.2,12.9,13.3,13,12.3,13.7,12.6,12.4
Denmark,,22.6,21.8,23,22.1,22.1,21.2,20.7,19.6,19.8,18.9,15.6,17.7,17.7,19.3,17.7,16.3,16.1,18.8,19.2,19.7,22.5,21.7,21.6,23.3,21.8,21.4,21.8,20.8,23.4,28.3,26.4,25.9,24.6,24.8,23.8,23.6,23.6,21.8,22.1,19.6,18.3,17.7,17.8,15.2,14.2,13.6,12.4,11.7,11.9,11,10.8,10.2,9.33,10.1,8.97
Djibouti,,,,,,,,,,,,,,,,,,,,,,,,,,,,,,,,,,,,,,,,,,,,,,,,,,,,,5.5,,4.99,4.99
Dominica,,,,,,,,,,,,,,,,,,,,,,,,,,,,,,,,,,,,,,,,,,,,,,,,,,,,,0,,5.83,5.83
Dominican Republic,,,,,,,,,,,,,,,,,,,,,,,,,,,,,,,,,,,,,,,,,,,,,,,,,,,,,3.62,,6.52,6.52
Ecuador,,,,,,,,,,,,,,,,,,,,,,,,,,,,,,,,,,,,,,,,,,,,,,,,,,,,,6.13,,8.51,8.51
Egypt,,,,,,,,,,,,,,,,,,,,,,,,0.109,0.0633,0.139,0.12,0.386,0.224,0.2,0.0422,,,,,,,0.0675,,,,,,,,,,,,,0.0779,,1.75,,1.8,1.8
El Salvador,,,,,,,,,,,,,,,,,,,,,,,,,,,,,,,,,,,,,,,,,,,,,,,,,,,,,9.34,,8.42,7.3
Equatorial Guinea,,,,,,,,,,,,,,,,,,,,,,,,,,,,,,,,,,,,,,,,,,,,,,,,,,,,,7.29,,10.1,10.1
Eritrea,,,,,,,,,,,,,,,,,,,,,,,,,,,,,,,,,,,,,,,,,,,,,,,,,,,,,9.22,,8.91,8.91
Estonia,,,,,,,,,,,,,,,,,,,,,,,,,,,,,,,,33.8,29.5,,,28.6,25.4,23.2,22.6,24.2,25,24.7,29.5,35.2,37.7,36.7,34.6,33.1,30.5,29.6,23.8,25.6,23.9,21.6,20.7,17
Ethiopia,,,,,,,,,,,,,,,,,,,,,,,,,,,,,,,,,,,,,,,,,,,,,,,,,,,,,5.4,,10.1,10.1
Fiji,,,,,,,,,,,,,,,,,,,,,,,,,,,,,,,,,,,,,,,,,,,,,,,,,,,,,4.06,,3.94,3.94
Finland,,,18.4,18.2,19.8,20.9,23.3,22.9,22.1,20.9,21.2,21.3,22.7,19.6,20.3,20.2,19.6,20.1,22.1,23.4,21,21.1,23,22.4,23.9,23.6,24.3,24.1,23.8,23,23.5,21.9,22,22.4,23,22.5,24.3,24.8,25.6,25.7,27.5,26.8,26,24.7,24.9,24.5,21.9,23.2,21.1,21,20.2,20.6,18.5,18.2,18.1,16.2
France,13.2,,13.3,13.2,13.9,13.8,15,14.2,14.3,14.6,13.8,13.9,13.3,13.8,13.3,13.5,14.1,14,13.8,13.9,13.7,13.7,14.3,13.7,13.8,13.9,13.9,14.6,15.1,16.3,16.9,17,18,18.6,18.9,19.3,19.5,18.5,17.5,17.5,16.8,16.9,17,17.9,17.4,16.8,16,15.6,14.8,14.4,15,14.4,14.6,14.8,14.5,14.1
Gabon,,,,,,,,,,,,,,,,,,,,,,,,,,,,,,,,,,,,,,,,,,,,,,,,,,,,,6.14,,7.75,7.75
Gambia,,,,,,,,,,,,,,,,,,,,,,,,,,,,,,,,,,,,,,,,,,,,,,,,,,,,,6.17,,6.45,6.45
Georgia,,,,,,,,,,,,,,,,,,,,,,,,,,,,,,,,6.08,4.93,,,4.42,4.36,4.05,4.04,4.36,3.41,3.4,4.04,,3.03,3.77,4.24,4.24,3.17,4.04,2.44,1.81,2.64,,1.57,1.57
Germany,,,,,,,,,,,,,,,,,,,,,,,,,,,,,,,,,,,,,,,,,13.7,13.7,13,12.2,12.3,12.4,11.8,11.7,11.2,10.6,10.4,10.4,10.3,10.2,9.72,9.21
Ghana,,,,,,,,,,,,,,,,,,,,,,,,,,,,,,,,,,,,,,,,,,,,,,,,,,,,,5.48,,6.29,6.29
Greece,,,,,,,,,,,,4.29,3.35,3.72,3.11,3.19,3.09,3.29,3.42,3.3,2.9,3.07,2.42,2.67,3.14,2.54,2.51,2.94,2.63,2.56,2.85,2.96,3.14,3.33,3.51,3.53,3.38,3.5,3.39,3.3,2.94,3.07,2.77,3.29,2.78,2.92,2.75,2.97,3.03,2.89,2.91,2.5,2.29,2.78,2.52,2.82
Grenada,,,,,,,,,,,,,,,,,,,,,,,,,,,,,,,,,,,,,,,,,,,,,,,,,,,,,3.69,,3.58,3.58
Guatemala,,,,,,,,,,,,,,3.77,3.56,3.46,2.77,4.76,5.02,3.42,3.98,4.44,,,0,,,0.0384,,1.7,1.59,0.714,,,0.904,,3.19,3.8,2.7,2.4,2.32,2.31,2.59,2.38,1.83,2.73,2.14,2.19,2.41,2.76,1.98,2.23,2.88,2.64,2.44,2.23
Guinea,,,,,,,,,,,,,,,,,,,,,,,,,,,,,,,,,,,,,,,,,,,,,,,,,,,,,7.56,,7.44,7.44
Guinea-Bissau,,,,,,,,,,,,,,,,,,,,,,,,,,,,,,,,,,,,,,,,,,,,,,,,,,,,,7.16,,7.56,7.56
Guyana,,,,,,,,,,,,,,,,,,,,,,,,,,,,,,,,,,,,,,,,,,,,,,,,,,,,,21,,35.8,35.8
Haiti,,,,,,,,,,,,,,,,,,,,,,,,,,,,,,,,,,,,,,,,,,,,,,,,,,,,,1.33,,1.52,1.52
Honduras,,,,,,,,,,,,,,,,,,,,,,,,,,,,,,,,,,,,,,,,,,,,,,,,,,,,,9.14,,7.06,7.06
Hungary,,,,,,20.6,19.3,21.2,23,25,24.1,24.4,23.8,25.6,26.8,27.8,27.2,28.6,30.4,29.7,30.8,31.8,32.4,32,35.1,33.2,34.8,34.4,37.2,38.5,39,39.3,37.3,39.8,39.6,38.1,38.8,38.6,35.2,35.3,33.5,32.3,32.5,29.9,29.1,26.7,26.9,25.1,25.8,26.8,26.2,23.3,22.3,21.5,21.3,20.2
Iceland,,,,,,,,,,,,,,,,,,,,,,,,,,,,,,,,,,,,,,,,,,,,,,,,,,,,,11.5,,11.4,11.4
India,,,,,,,,,,,,,,,,,,,,,,,,,,,,,,,,,,,,,,,,,,,,,,,,,,,,,19.1,,18.6,18.6
Indonesia,,,,,,,,,,,,,,,,,,,,,,,,,,,,,,,,,,,,,,,,,,,,,,,,,,,,,12.2,,11.4,11.4
Iran,,,,,,,,,,,,,,,,,,,,,,,,,,,,,,,,,,,,,,,,,,,,,,,,,,,,,8.73,,6.02,6.02
Iraq,,,,,,,,,,,,,,,,,,,,,,,,,,,,,,,,,,,,,,,,,,,,,,,,,,,,,8.38,,17,17
Ireland,2.58,2.6,2.14,2.08,2.02,2.36,2.64,2.48,2.67,2.57,2.86,3.27,1.9,2.57,2.1,1.79,2.29,2.5,2.65,1.82,1.87,3.08,3.22,3.62,4.26,5.25,5.98,5.06,5.41,5.98,7.02,7.22,7.42,8.55,6.99,8.17,8.4,7.21,7.82,8.17,9.99,10.1,10.4,9.29,11,11.1,11.2,12.5,13.2,11,11.8,12.2,10.9,10.8,10.9,10.4
Israel,,,,,,,,,,,,,,,,,,,,,,,,,,8.39,8.08,7.22,6.23,7.48,6.55,5.77,5.66,6.48,5.92,5.95,6.99,6.67,7.51,8.22,7,7.69,7.78,7.29,7.97,6.61,5.38,6.46,5.37,6.08,6.26,6.15,5.89,6.36,6.09,5.93
Italy,,6.74,6.22,6.31,5.9,6.43,6.48,6.25,5.94,5.98,5.76,5.21,5.08,4.88,5.02,5.08,4.76,5.07,4.91,5,5.19,5.4,5.26,5.08,4.74,4.91,4.94,5.44,5.6,6.05,6.21,5.82,6.24,6.26,6.42,6.72,6.59,6.29,6.02,5.98,5.98,6.05,6.25,6.41,6.18,6.16,6.35,6.27,5.95,5.44,5.43,5.3,5.34,5.23,5.31,4.93
Jamaica,,,,,,,,,,,,,,,,,,,,,,,,,,,,,,,,,,,,,,,,,,,,,,,,,,,,,0.102,,4.42,4.42
Japan,24.6,22.3,22.1,23.7,26.4,28.1,27.2,26.6,27.7,24.6,23.2,21.1,18.9,17.3,16.3,15.8,16.1,14.9,15.1,15,15.6,15.7,16.9,17.4,17.4,17.7,17.3,17.4,17,17.2,16.6,15.9,16.1,19.2,18.3,17.2,18.7,16.9,15.8,14.4,13.5,13.1,13.6,13.2,13.4,13.6,13.8,14.5,19.5,19.2,18.4,17.7,18,19.6,18.5,18.9
Jordan,,,,,,,,,,,,,,,,,,,,,,,,,,,,,,,,,,,,,,,,,,,,,,,,,,,,,24.4,,0.201,0.201
Kazakhstan,,,,,,,,,,,,,,,,,,,,,,,,,,,,,,,,26,25.2,,,25.4,18.9,18.4,19.1,21.8,21,19.9,21.4,25.5,25.9,30.8,32.1,31.4,30.3,27.9,30.7,30.3,29,29.3,29,25.4
Kenya,,,,,,,,,,,,,,,,,,,,,,,,,,,,,,,,,,,,,,,,,,,,,,,,,,,,,9.25,,10.9,10.9
Kiribati,,,,,,,,,,,,,,,,,,,,,,,,,,,,,,,,,,,,,,,,,,,,,,,,,,,,,0,,0,
Kuwait,,,,,,,,,,,,,,,,,,,,,,,0.334,,,0.504,0.211,0.321,1.21,0.345,0.917,0.999,0.12,0.418,0.693,1.07,0.765,1.04,,,,,,1.15,1.38,1.45,1.52,1.6,1.31,1.53,1.24,1.15,1.56,,1.51,1.5
Kyrgyz Republic,,,,,,,,,,,,,,,,,,,,,,,,,,,,,,,,17.5,17.1,,,15.2,11.7,14.3,14.3,15.3,16.1,15.4,13.8,16.4,16.7,17.3,13.7,13.5,13,14,12.7,13.1,13.3,11,9.83,9.88
Lao,,,,,,,,,,,,,,,,,,,,,,,,,,,,,,,,,,,,,,,,,,,,,,,,,,,,,27.8,,26.2,26.2
Latvia,,,,,,,,,,,,,,,,,,,,,,,,,,,,,,,29.7,30.2,30.8,29.8,30.2,26.3,22.4,20.6,20.6,22.7,23.4,25.4,31.3,37.9,36.4,36.2,32.7,31.5,30.4,27,27.6,25.6,24.6,21.9,20,20.4
Lebanon,,,,,,,,,,,,,,,,,,,,,,,,,,,,,,,,,,,,,,,,,,,,,,,,,,,,,6.26,,5.84,5.84
Lesotho,,,,,,,,,,,,,,,,,,,,,,,,,,,,,,,,,,,,,,,,,,,,,,,,,,,,,8.87,,7.86,7.86
Liberia,,,,,,,,,,,,,,,,,,,,,,,,,,,,,,,,,,,,,,,,,,,,,,,,,,,,,10,,7.18,7.18
Libya,,,,,,,,,,,,,,,,,,,,,,,,,,,,,,,,,,,,,,,,,,,,,,,,,,,,,4.08,,4.67,4.67
Lithuania,,,,,,,,,,,,,,,,,,,,,,,,,,,,,,,,32.5,32.5,,,32.6,24.1,27.3,25.1,25.7,24.4,29,32.6,39.9,43.7,43.2,44.4,42.5,40,40.5,42.4,39.4,40.1,37.3,35.4,33.3
Luxembourg,,,,,,,,,,,,,,,,,,,,,,,,,,,,,,,,,,,,,,,,,,,,,,,,,,,,,13.4,,12.4,12.4
"Macedonia, FYR",,,,,,,,,,,,,,,,,,,,,,,,,,,,,,,,,,,,,,,,,,7.77,7.5,7.62,6.49,6.49,7.15,7.44,7.27,7.85,6.82,6.72,6.79,6.1,7.88,7.88
Madagascar,,,,,,,,,,,,,,,,,,,,,,,,,,,,,,,,,,,,,,,,,,,,,,,,,,,,,6.37,,5.77,5.77
Malawi,,,,,,,,,,,,,,,,,,,,,,,,,,,,,,,,,,,,,,,,,,,,,,,,,,,,,11,,10.2,10.2
Malaysia,,,,,,,,,,,,,,,,,,,,,,,,,,,,,,,,,,,,,,,,,,,,,,,,,,,,,7.96,,8.21,8.21
Maldives,,,,,,,,,,,,,,,,,,,,,,,,,,,,,,,,,,,,,,,,,,,,,,,,,,,,,7.3,,22.4,22.4
Mali,,,,,,,,,,,,,,,,,,,,,,,,,,,,,,,,,,,,,,,,,,,,,,,,,,,,,8.26,,8.26,8.26
Malta,,,,,,,,,,,,,,,,,,,,,,,,,,,,,,,,,,,,,,,,,,,,,,,,,,,,,5.51,,4.55,4.55
Marshall Islands,,,,,,,,,,,,,,,,,,,,,,,,,,,,,,,,,,,,,,,,,,,,,,,,,,,,,7.36,,7.2,7.2
Mauritania,,,,,,,,,,,,,,,,,,,,,,,,,,,,,,,,,,,,,,,,,,,,,,,,,,,,,7.78,,6.88,6.88
Mauritius,,,,,,,,,,,,4.58,2.87,3.67,3.9,5.18,5.29,3.36,2.96,1.79,2.53,5.02,2.87,7.92,5.02,8.74,6.92,6.49,8.42,7.74,3.12,1.95,1.77,1.81,12.3,11.2,2.59,14.3,17,14.7,14.4,13.3,14.2,12.9,11.6,13.9,13.8,10.8,13.3,14.3,11.5,9.51,10.8,7.37,7.77,8.08
Mexico,,,,,,1.54,1.99,2.01,2.39,2.61,2.51,2.35,2.21,2.47,2.43,2.3,2.24,2.7,2.14,1.01,1.6,0.986,0.989,0.912,2.82,2.29,2.12,2.35,2.21,2.06,1.8,2.21,2.15,1.93,1.55,2.52,2.76,2.73,2.66,2.87,2.87,2.97,3.14,3.22,3.44,3.65,3.63,3.84,3.72,3.64,3.72,4.01,3.99,4.2,4.16,4.29
"Micronesia, Fed. Sts.",,,,,,,,,,,,,,,,,,,,,,,,,,,,,,,,,,,,,,,,,,,,,,,,,,,,,5.02,,4.76,4.76
Moldova,,,,,,,,,,,,,,,,,,,,,,,,,,,,,,,,20.2,20.9,,,20.9,18.8,17.1,17,17.4,15.2,16.9,16,16.8,18.2,18.4,17.6,17.1,15.6,15.5,14.2,16.2,15.2,15.9,15.2,15.5
Monaco,,,,,,,,,,,,,,,,,,,,,,,,,,,,,,,,,,,,,,,,,,,,,,,,,,,,,11.6,,11.2,11.2
Mongolia,,,,,,,,,,,,,,,,,,,,,,,,,,,,,,,,,,,,,,,,,,,,,,,,,,,,,14.3,,13.1,13.1
Morocco,,,,,,,,,,,,,,,,,,,,,,,,,,,,,,,,,,,,,,,,,,,,,,,,,,,,,2.43,,2.11,2.11
Mozambique,,,,,,,,,,,,,,,,,,,,,,,,,,,,,,,,,,,,,,,,,,,,,,,,,,,,,6.14,,10.6,10.6
Myanmar,,,,,,,,,,,,,,,,,,,,,,,,,,,,,,,,,,,,,,,,,,,,,,,,,,,,,11.5,,10.1,10.1
Namibia,,,,,,,,,,,,,,,,,,,,,,,,,,,,,,,,,,,,,,,,,,,,,,,,,,,,,9.54,,8.02,8.02
Nauru,,,,,,,,,,,,,,,,,,,,,,,,,,,,,,,,,,,,,,,,,,,,,,,,,,,,,4.07,,4.08,4.08
Nepal,,,,,,,,,,,,,,,,,,,,,,,,,,,,,,,,,,,,,,,,,,,,,,,,,,,,,12.4,,11.7,11.7
Netherlands,5.82,6.3,6.49,6.71,6.42,6.14,6.02,6.4,6.72,7,6.64,6.56,6.53,6.09,6.49,6.79,6.97,6.16,6.14,7.18,7.82,7.98,7.96,8.48,8.9,8.6,9.04,8.78,9.14,9.8,9.37,9.24,9.77,10.8,11.1,10.1,9.74,9.68,9.01,8.99,8.41,9.2,8.96,8.78,8.86,8.45,8.66,8.71,8.24,8.25,8,7.8,8.23,7.79,7.8,8.16
New Zealand,9.05,9.76,10.1,9.71,8.6,9.07,9.46,10,10.2,9.24,10.3,9.06,9.05,10.3,8.6,9.87,9.77,10.9,10.4,10.7,10.2,8.87,9.49,9.23,9.55,10.1,9.69,12.4,10.6,9.95,10.8,10.2,11.3,10.7,11.7,10,12.3,13.6,14,13.5,13.1,13.2,13.6,12,13.7,14.5,14.2,14.8,15,13.3,11.8,12.9,11.7,12.4,11.8,12.2
Nicaragua,,,,,,,,,,,,,,,,,,,,,,,,,,,,,,,,,,,,,,,,,,,,,,,,,,,,,13.2,,12.1,12.1
Niger,,,,,,,,,,,,,,,,,,,,,,,,,,,,,,,,,,,,,,,,,,,,,,,,,,,,,9.24,,9.26,9.26
Nigeria,,,,,,,,,,,,,,,,,,,,,,,,,,,,,,,,,,,,,,,,,,,,,,,,,,,,,7.28,,7.63,7.63
North Korea,,,,,,,,,,,,,,,,,,,,,,,,,,,,,,,,,,,,,,,,,,,,,,,,,,,,,5.17,,4.74,4.74
Norway,,5.95,6.34,6.93,6.78,6.8,6.66,6.65,6.56,7.13,6.05,6.25,7.25,7.29,6.61,7.19,6.46,6.34,7.57,7.58,7.95,7.77,8.52,8.16,9.95,9.36,10.2,11,11.2,11.6,11.6,12.1,13.3,13.7,13.3,13.4,13,14.3,15.6,14.2,14,14.4,13,12.3,11.4,11.6,10.8,10.9,11.6,12.4,11.4,11.3,9.99,10.3,10.7,10.8
Oman,,,,,,,,,,,,,,,,,,,,,,,,,,,,,,,,,,,,,,,,,,,,,,,,,,,,,3.81,,3.72,3.72
Pakistan,,,,,,,,,,,,,,,,,,,,,,,,,,,,,,,,,,,,,,,,,,,,,,,,,,,,,14,,12.9,12.9
Palau,,,,,,,,,,,,,,,,,,,,,,,,,,,,,,,,,,,,,,,,,,,,,,,,,,,,,5.58,,5.55,5.55
Panama,,,,,,,,,,,,,,,,,,,,,,,,,,,,,,,,,,,1.64,3.12,4.5,4.58,4.24,3.41,,,,,,,4.58,5.68,5.71,5.42,5.35,5.83,5.81,6.7,6.2,6.11
Papua New Guinea,,,,,,,,,,,,,,,,,,,,,,,,,,,,,,,,,,,,,,,,,,,,,,,,,,,,,12.4,,12,12
Paraguay,,,,,,,,,,,,,,,,,,,,,,,,,,,,,,,,,,,,,,,,,,,,,3.01,2.91,2.38,2.83,3.24,3.58,3.37,3.19,3.42,3.39,4.47,4.41
Peru,,,,,,,,,,,,,,,,,,,,,,,,,,,,,,,,,,,,,,,,,,,,,,,,,,,,,1.88,,1.66,1.66
Philippines,,,,,,,,,,,,,,,,,,,,,,,,,,,,,,,,,,,,,,,,,,,0.635,1.47,,,,1.35,1.44,1.66,2.19,1.81,1.87,2.19,1.92,1.92
Poland,,,,,,,,,,7.34,8.74,9.56,10.1,9.06,9.17,9.63,10.5,10.7,11.1,11.5,11.5,11.8,12,11.7,11.1,11.1,11.9,12.1,13,12.5,,,,12.1,13.7,13,12.8,13,11.9,11,12.7,13.4,14.3,14,13.6,13.4,13.1,,,13.6,13.8,13.7,13.7,13.4,13.8,13.6
Portugal,,,,,,9.76,10.7,8.59,9.34,9.7,9.01,9.24,8.76,9.72,9.65,9.41,9.79,10.1,9.45,8.68,8.1,8.1,7.84,8.2,8.05,8.1,8.3,8.72,9.03,9.51,7.09,7.32,7.76,9.08,9.6,8.8,8.3,8.45,7,6.27,7.36,7.87,7.13,6.27,6.15,6.41,4.89,4.76,4.11,3.88,3.7,5.55,8.8,8.1,8.19,8.19
Qatar,,,,,,,,,,,,,,,,,,,,,,,,,,,,,,,,,,,,,,,,,,,,,,,,,,,,,3.26,,2.52,2.52
Romania,,,,,,,,,,,,,,,,,,,,,,,,,,,,,,,,,,,,,,,,10.4,8.39,8.66,10.7,11.3,11.7,11.3,11.4,11.6,11.3,10.8,11.1,10.7,12.2,11.4,10.6,10.1
Russia,,,,,,,,,,,,,,,,,,,,,,,,,,,,,,,32.6,32,32.4,,,29.1,21.4,21.5,22.6,24,24.7,24.7,28.8,35.3,39,38.4,36.3,34.3,32.1,35.3,35.2,35.5,34.1,31.5,29.9,27.9
Rwanda,,,,,,,,,,,,,,,,,,,,,,,,,,,,,,,,,,,,,,,,,,,,,,,,,,,,,10.8,,13.1,13.1
Samoa,,,,,,,,,,,,,,,,,,,,,,,,,,,,,,,,,,,,,,,,,,,,,,,,,,,,,5.41,,5.54,5.54
San Marino,,,,,,,,,,,,,,,,,,,,,,,,,,,,,,,,,,,,,,,,,,,,,,,,,,,,,7.09,,6.09,6.09
Sao Tome and Principe,,,,,,,,,,,,,,,,,,,,,,,,,,,,,,,,,,,,,,,,,,,,,,,,,,,,,9.09,,10.5,10.5
Saudi Arabia,,,,,,,,,,,,,,,,,,,,,,,,,,,,,,,,,,,,,,,,,,,,,,,,,,,,,5.96,,6.4,6.4
Senegal,,,,,,,,,,,,,,,,,,,,,,,,,,,,,,,,,,,,,,,,,,,,,,,,,,,,,6.41,,6.81,6.81
Serbia,,,,,,,,,,,,,,,,,,,,,,,,,,,,,,,,,,,,,,,,,,,,,,,,,15.1,16.1,15.5,14.5,14.3,13.8,13,13.7
Seychelles,,,,,,,,,,,,,,,,,,,,,,,,,,,,,,,,,,,,,,,,,,,,,,,,,,,,,10.2,,9.51,9.51
Sierra Leone,,,,,,,,,,,,,,,,,,,,,,,,,,,,,,,,,,,,,,,,,,,,,,,,,,,,,13.6,,12,12
Singapore,,,,,,,,,,,,,,15.7,14.8,14.1,16.7,16,19.4,14,13.7,16.4,16.6,15.6,13.7,15.9,15,13,14.9,14.2,13.2,9.03,11.5,12.5,9.51,14.5,14.4,12.8,15.4,16,13.4,10.9,9.74,9.71,11,12.3,8.07,9.52,10.5,8.28,9,8.9,8.92,8.83,8.68,9.13
Slovak Republic,,,,,,,,,,,,,,,,,,,,,,,,,,,,,,,,,,,,,,,,,,,14.1,13.1,12.3,12.9,11.6,10.7,11.3,11.5,12,11.3,11.5,12.1,10.8,10.7
Slovenia,,,,,,,,,,,,,,,,,,,,,,,,,,,,,,,,,,,,30,27.2,27.9,28.5,30.5,24.4,28.4,25.6,27,26.9,24.3,25.6,25.3,26.2,24.6,23.9,23.4,21.3,22,20.1,19.4
Solomon Islands,,,,,,,,,,,,,,,,,,,,,,,,,,,,,,,,,,,,,,,,,,,,,,,,,,,,,4.68,,4.49,4.49
Somalia,,,,,,,,,,,,,,,,,,,,,,,,,,,,,,,,,,,,,,,,,,,,,,,,,,,,,10.1,,29.9,29.9
South Africa,,,,,,,,,,,,,,,,,,,,,,,,,,,,,,,,,,,,,,,,,,,,,,,,,,,,,12.6,,15.7,15.7
South Korea,,,,,,,,,,,,,,,,,,,,,,,,,,,,,,,,,,,,9.88,9.03,8.47,7.34,7.44,7.59,7.24,8.21,9.54,9.59,10.7,12.7,12.8,17.9,14.6,13.2,14,17.1,21.2,21.9,22.4
Spain,,6,6.09,6.04,5.9,5.54,5.31,5.28,5.04,5.15,5.52,5.15,4.83,4.82,4.8,4.59,4.46,4.29,4.11,4.22,3.86,4.09,4.21,3.98,3.73,3.67,3.86,3.81,3.83,3.86,4.07,4.2,4.45,5.08,5.76,5.7,6.22,6.2,6.52,6.49,6.25,6.14,5.8,6.38,6.58,6.44,6.78,6.76,6.46,6.21,6.48,5.98,6.22,6.3,6.25,5.89
Sri Lanka,8.41,9.07,8.76,9.03,10.2,9.11,10.3,10.9,11.2,10.8,12.9,12.6,14.8,15.7,17.5,16.3,16.5,21.3,21.4,,,,,,,,,21.3,,,32.4,32.4,35,38.3,39,38.1,35.9,,,,,,,,,,,,,,,,32,,28.1,28.1
St. Kitts and Nevis,,,,,,,,,,,,,,,,,,,,,,,,,,,,,,,,,,,,,,,,,,,,,,,,,,,,,0,,0,
St. Lucia,,,,,,,,,,,,,,,,,,,,,,,,,,,,,,,,,,,,,,,,,,,,,,,,,,,,,5.85,,8.21,8.21
St. Vincent and the Grenadines,,,,,,,,,,,,,,,,,,,,,,,,,,,,,,,,,,,,,,,,,,,,,,,,,,,,,8.42,,9.59,9.59
Sudan,,,,,,,,,,,,,,,,,,,,,,,,,,,,,,,,,,,,,,,,,,,,,,,,,,,,,8.7,,9.71,9.71
Suriname,,,,,,,,,,,,,,,,,,,,,,,,,,,,,,,,,,,,,,,,,,,,,,,,,,,,,18.2,,20.8,20.8
Swaziland,,,,,,,,,,,,,,,,,,,,,,,,,,,,,,,,,,,,,,,,,,,,,,,,,,,,,6.36,,12.9,12.9
Sweden,,14.6,14.9,16.4,14.8,15.5,17.6,17.4,14.9,15.9,15.2,14.7,16.2,16.3,17.4,16.6,17.7,19.3,19.4,19.6,19.9,18.2,18.2,18.6,17.8,17.5,17.1,17.4,16.8,18.2,17.3,15.3,16.8,16.5,17.3,15.7,16.1,15.7,16.2,16,14.3,14.6,13,13.3,12.4,12.8,11.8,11.5,11.3,11.6,10.5,10.8,11,10.4,10.7,11.1
Switzerland,,19.6,19.8,20.1,20.8,19.6,19.8,19.3,19.4,18,17.8,17.1,17.7,16.1,16,17.3,17.4,16.7,16.2,16.3,17.3,17.3,18.2,17.3,18.8,20.9,20.3,21.8,21.8,22.4,22.8,21,21.8,22.1,21.6,21.7,19.6,20.2,18.9,19.2,18.2,18.7,17.3,17,17.7,16.6,16.7,15.5,15.6,14.6,15.4,14.6,15.5,13.2,13.1,13.2
Syria,,,,,,,,,,,,,,,,,,,,,,,,,,,,,,,,,,,,,,,,,,,,,,,,,,,,,0.561,,0.523,0.523
Tajikistan,,,,,,,,,,,,,,,,,,,,,,,,,,,,,,,,,,,,,,,,,,,,,,,,,,,,,6.51,,2.65,2.65
Tanzania,,,,,,,,,,,,,,,,,,,,,,,,,,,,,,,,,,,,,,,,,,,,,,,,,,,,,3.59,,12.4,12.4
Thailand,,,,,,,,,,,,,,,,,,,,,,,,,,,,,,,,,,,,,,,,,,,,,,,,,,,,,10.7,,9.85,9.85
Timor-Leste,,,,,,,,,,,,,,,,,,,,,,,,,,,,,,,,,,,,,,,,,,,,,,,,,,,,,13.1,,9.63,9.63
Togo,,,,,,,,,,,,,,,,,,,,,,,,,,,,,,,,,,,,,,,,,,,,,,,,,,,,,6.58,,6.37,6.37
Tonga,,,,,,,,,,,,,,,,,,,,,,,,,,,,,,,,,,,,,,,,,,,,,,,,,,,,,4.58,,4.53,4.53
Trinidad and Tobago,,4.27,5.58,6.22,6.13,8,7.28,7.7,4.84,,4.22,4.69,3.85,2.57,,,,5.01,8.64,,10.1,6.05,11.4,11.3,8.57,10.2,10,9.4,4.74,5.62,4.31,5.46,7.52,9.48,6.58,2.66,9.59,10.6,15.1,15.8,14.8,12.9,14.1,14.8,12.6,16.2,12.5,13.1,13.8,11.5,13.2,13.7,11.7,,14.6,14.6
Tunisia,,,,,,,,,,,,,,,,,,,,,,,,,,,,,,,,,,,,,,,,,,,,,,,,,,,,,4.51,,3.15,3.15
Turkey,,,,,,,,,,,,,,,,,,,,,,,,,,,,,,,,,,,,,,,,,,,,,,,,,,,,,6.72,,3.56,3.56
Turkmenistan,,,,,,,,,,,,,,,,,,,,,,,,,,,,,,,,12.1,10.1,,,9.74,12.1,11.2,10.2,9.52,10.6,9.35,8.6,7.84,7.55,6.78,7.72,8.32,10.4,,,,14,,12.2,12.2
Tuvalu,,,,,,,,,,,,,,,,,,,,,,,,,,,,,,,,,,,,,,,,,,,,,,,,,,,,,7.89,,7.93,7.93
Uganda,,,,,,,,,,,,,,,,,,,,,,,,,,,,,,,,,,,,,,,,,,,,,,,,,,,,,3.38,,12.3,12.3
Ukraine,,,,,,,,,,,,,,,,,,,,,,,,,,,,,,,,21.6,22.5,,,20.1,16.5,17.3,16.9,18.9,18.5,18.5,20.1,21.4,23.8,25.2,26.4,26,25.9,25.2,25.5,23.3,22.2,21.8,20.1,18.9
United Arab Emirates,,,,,,,,,,,,,,,,,,,,,,,,,,,,,,,,,,,,,,,,,,,,,,,,,,,,,3.23,,1.39,1.39
United Kingdom,8.12,8.08,7.79,8.47,8.93,8.92,9.33,9.35,9.39,9.21,9.09,9.14,9.84,10.1,9.7,9.03,8.78,8.31,8.01,7.53,6.95,6.95,6.81,6.95,7.05,6.73,6.94,7.16,7.27,7.65,7.82,7.91,7.79,7.71,7.73,7.93,7.47,7.16,7.74,6.8,7.28,7.15,7.25,6.97,6.83,6.71,6.43,6.42,6.83,6.82,6.59,6.35,6.37,6.06,6.27,6.01
United States,11.2,10.3,9.89,9.98,10.1,10.1,9.94,9.77,10.8,10.7,10.8,10.6,11.2,11.4,11.2,11.5,11.3,11.2,11.1,11.4,11.8,11.9,12.1,12,12.1,12.5,12.1,12.7,11.8,11.6,11.2,11.4,11.5,11.3,11.5,11.4,11.8,11.7,11.4,11.3,11.4,11.3,11.1,11.2,11.1,11.1,10.8,10.5,10.4,9.82,9.53,9.81,9.96,9.81,10,9.93
Uruguay,,,,,,12.9,15.1,11.9,11.7,12.4,13.1,,,10.6,8.93,11.5,11.1,10.5,10.6,10.9,9.65,10.7,11.4,11.7,11.7,9.96,10.6,11.3,10.2,,9.04,8.68,10.5,10.6,10.6,9.04,8.04,7.96,8.32,10.6,9.61,,,12.1,11.7,12.4,11.7,13.1,15,12.7,15.7,13.9,15.7,,14.5,14.5
Uzbekistan,,,,,,,,,,,,,,,,,,,,,,,,,,,,,,,,9.73,9.31,,,11.1,9.96,9.26,8.48,10,9.49,8.91,7.86,8.02,8.27,8.7,9.52,8.37,8.33,8.87,9.2,8.77,7.03,6.27,5.34,5.21
Vanuatu,,,,,,,,,,,,,,,,,,,,,,,,,,,,,,,,,,,,,,,,,,,,,,,,,,,,,5.11,,4.98,4.98
Venezuela,,,,,,7.14,7.79,6.42,7.79,7.69,7.85,7.56,7.47,7.59,8.17,8.6,9.18,8.55,8.21,9.79,9.39,8.79,8.42,7.92,6.54,7.11,6.17,5.97,6.49,5.37,6.61,5.7,5.7,6.29,,6.14,5.94,5.38,5.79,5.94,6.22,,5.75,5.57,6.09,,5.28,5.36,5.53,5.88,5.88,6.18,5.71,4.96,4.33,4.12
Vietnam,,,,,,,,,,,,,,,,,,,,,,,,,,,,,,,,,,,,,,,,,,,,,,,,,,,,,13,,11.7,11.7
Yemen,,,,,,,,,,,,,,,,,,,,,,,,,,,,,,,,,,,,,,,,,,,,,,,,,,,,,6.13,,6.27,6.27
Zambia,,,,,,,,,,,,,,,,,,,,,,,,,,,,,,,,,,,,,,,,,,,,,,,,,,,,,6.08,,12,12
Zimbabwe,,,,,,,,,,,,,,,,,,,,,,,,,,,,,,,,,,,,,,,,,,,,,,,,,,,,,7.54,,13.9,13.9
